route_id,scenario_type,v1_tot_mean,v1_tot_max,v1_grad_max,v1_front_max,v1_side_max,v1_tint,v2_logIR_mean,v2_logIR_max,v2_logmaxpair_max,v2_IR_tint,ssm_min_ttc,ssm_ttc_lt3_frac,ssm_max_drac,haz_min_dist,haz_egospeed_at_min,haz_max_closing,haz_close_frac
10857,VehicleTurningRoutePedestrian,2.2729653919042314,10.120058653134762,2.537637986799078,0.5775761140587796,2.0723052694985102,36.14014973127728,-21.230829998582728,-8.061686806545415,-8.081596345775232,3.790403981312426e-09,0.6751285676178097,0.4025157232704403,7.481898108283435,3.0020036761383992,8.465121352730607,14.152338683289175,0.44025157232704404
11381,VehicleTurningRoutePedestrian,1.3065438924691801,8.705989530230354,3.4538065514697474,1.0362013833583328,2.586900103081943,71.99056847505183,-25.509665343082244,-6.660594791982137,-6.660594791982137,8.517064629005643e-08,0.590659308160483,0.2958257713248639,6.234959093985913,3.021340564641708,10.581652910199754,15.605902959280668,0.21960072595281308
11715,EnterActorFlow,2.213615816144832,16.006977690314024,2.7416983957965164,1.461121793973881,2.831423448850439,80.35425412605741,-26.680886646828107,-4.666134430292404,-4.666134430292404,5.6266088052844245e-06,0.7597370022302126,0.29476584022038566,7.817216049007493,6.347313058818999,10.60953919696883,15.627508556509612,0.09366391184573003
11755,EnterActorFlow,0.5099300288976873,14.768864492351483,3.754164336771119,1.7113788005631638,1.627332347130333,49.208247788626835,-29.333605523105188,-8.173828536311916,-8.173828539795378,1.9683614384976198e-09,0.41383968282351763,0.08290155440414508,13.846067551551686,4.171883665211569,-0.00947111534697467,17.432184826649618,0.8217616580310881
14194,PedestrianCrossing,2.929130240021595,14.512058301084288,5.156742499854913,0.5014931088113671,3.131466458972321,44.81569267233041,-21.523249512118028,-7.98757708813835,-7.994506989630767,4.121409486356559e-09,0.45181969896518115,0.5424836601307189,10.972546369484519,2.802520406178273,9.315521119735646,15.846219863714532,0.7189542483660131
14842,VanillaSignalizedTurnEncounterGreenLight,1.869367277323394,13.703722475220218,4.998006101861404,0.42552002383807613,3.1380444417364406,40.378333190185316,-24.096808431859444,-8.419071979797016,-8.450246594292395,4.828828716204882e-09,0.4717890518382318,0.27314814814814814,9.464486934605583,2.788990619253068,9.294953359468785,11.761640115064152,0.1712962962962963
14862,VanillaSignalizedTurnEncounterGreenLight,2.9430803289760457,22.08401628840969,6.199743640779744,1.0097521405822136,3.565006381781217,64.45345920457541,-23.146436951953103,-7.658150540907759,-7.658150540907759,6.467166287436184e-09,0.5790451812643702,0.5342465753424658,7.697888009096956,3.1004998623171702,0.04588857717245036,12.754571234633401,0.3013698630136986
14909,VanillaSignalizedTurnEncounterGreenLight,1.766209407178299,18.921245989532924,5.1075639025857384,1.0424603666001795,3.5254650821870124,64.81988524344358,-27.26866808416936,-9.206175448082137,-9.206175448082137,8.415323889128463e-10,0.5759679313766924,0.22343324250681199,7.625521881879199,3.1209886459203946,-1.7557826731832305e-06,12.76132771633423,0.1444141689373297
1711,ParkingCutIn,0.7779917864721447,45.5081841756401,1.8199180484438184,0.005329046265355441,45.22821170364601,14.548446407029108,-25.34458766601563,-2.4080256967323117,-2.4080256967323117,0.0003909736774477543,0.9083416007492998,0.1925133689839572,4.7715758100325045,3.0336257926553776,6.7541801871844,10.3223484078765,0.13903743315508021
17563,SequentialLaneChange,3.6045090580582264,28.353553516200467,4.362483894942504,2.3863895156512966,3.9131410994803417,439.3896541772978,-21.139610095293115,-5.356648988188119,-5.370534736043002,5.945770070523406e-06,0.3158265767524599,0.7358490566037735,17.895253587876315,2.925085425555888,0.04835392363236322,16.652376025760933,0.9286300246103364
17569,SequentialLaneChange,1.5206975631385045,11.105928444984697,1.7960996121850419,1.2621092870326072,2.0120925015998394,34.0636254143025,-11.388106001008103,-6.7112804134332364,-6.711287133056662,2.2381959054153283e-07,0.6105922619396652,0.6116071428571429,7.326862738088872,3.350169330203281,-0.000957794877887375,12.400769692817697,0.6741071428571429
17598,SequentialLaneChange,4.149599946137907,10.567453613283469,1.367322910405958,0.16745084707325067,2.079634371503965,106.64471861574421,-11.559211149485806,-6.806492116250489,-6.862382315125432,3.151930573895336e-07,0.7228017581514633,0.6342412451361867,5.877021945858893,3.2649634868521096,-0.00015871716907309494,16.490108318527394,0.8287937743190662
17635,SequentialLaneChange,4.24015014931171,12.541108877797306,1.4179933078657412,0.49699045363962674,2.0584414824828587,75.05065764281728,-11.104977611665717,-6.468944620898026,-6.468952673764542,3.5744204001376025e-07,0.8113742823836512,0.7175141242937854,6.697906692024348,3.5158541562312244,8.369039243634184,17.06130342515486,0.7796610169491526
17655,SequentialLaneChange,2.521202110632574,13.264019496817776,4.675378126160354,1.4047003695987883,2.4457327297376374,39.58287313693142,-10.91036513528955,-4.393058713100391,-4.512653802914158,4.448747797498372e-05,0.53724265661838,0.5923566878980892,8.883713391243198,3.43444576707381,0.03857517745054667,17.53025795799008,0.46496815286624205
1773,ParkedObstacle,5.7143065248898095,55.20049176028249,4.782120136299242,1.3224449193998737,54.271890590925935,126.85760485255378,-11.429123874305242,-5.722809458137549,-5.722809458137549,1.5403178880994455e-06,0.7032831433992935,0.6891891891891891,8.804343705310053,3.1401744941689755,-0.0006438850467721984,18.815762356379537,0.7162162162162162
17752,DynamicObjectCrossing,3.555694399037065,49.66834091178954,10.051749866253935,0.005351191010466528,49.24571329292187,68.62490190141536,-19.604337748899322,-1.9194261369422287,-1.9194261369422287,0.0012039824760486672,0.37327730271928733,0.6113989637305699,16.98615546401069,3.10645461838068,8.562389666136683,18.998040404872032,0.23834196891191708
1790,HazardAtSideLane,8.716115050221884,62.67776237261293,22.05494430306465,0.280204490826164,5.791202860172496,142.07267531861672,-10.915803242362776,-6.240889047717595,-6.244684888070029,7.498647847189498e-07,0.30692084920383306,0.7668711656441718,27.89846931937697,3.3977734432152706,7.681823682576482,21.779651428374894,0.6993865030674846
1792,HazardAtSideLane,2.9518107120587542,11.7616427038969,3.7535448206183637,0.7931342132494185,2.211138660443533,37.78317711435206,-10.969459194614487,-5.652613182598985,-5.6772210851912694,1.9467048276258495e-06,0.6333150268194602,0.828125,6.1541844011808235,3.423322989613161,15.663916369763802,16.912117383324446,0.59375
1825,ConstructionObstacleTwoWays,2.2917817785646024,27.709999253296573,12.319961329754914,0.05761213449797426,2.8028231935937615,72.42030420264143,-23.42106246038794,-6.9914321260437795,-6.9914321260437795,5.241958567121379e-08,0.3413096523112594,0.5284810126582279,20.481716930407686,3.012370653758995,-3.092967665967412e-06,18.30517070315073,0.26582278481012656
18252,ParkingCrossingPedestrian,0.6654716218192029,49.89771416218819,1.8089779783540916,0.6554294911601874,49.84003284490885,12.311225003655256,-21.185952302684626,-2.2762632819491926,-2.2762632819491926,0.0005293688039102494,1.1334748099849499,0.2864864864864865,3.314580616035094,2.733526275251181,5.4258171828896264,10.664064246586612,0.14054054054054055
18305,ParkingCutIn,5.722516577929362,46.600726600315,11.864970629663985,0.8391483226922923,45.629366353492735,107.01106000727907,-17.8298788891562,-2.5439311508345948,-2.5439311508345948,0.0002859604876521014,0.35067679332024027,0.7112299465240641,19.775233943109484,3.091432688525065,9.170682549074455,18.399876315576478,0.3689839572192513
18311,ParkingCutIn,5.580421980476772,46.63936327753599,11.789350561036937,0.8830790023851266,45.75491773622523,104.91193323296332,-17.77569251498463,-1.8592489912006855,-1.8592489912006855,0.0013832230635853371,0.35310062823573046,0.6702127659574468,18.843393851925335,3.101771282788687,9.457392442439955,18.793476226010636,0.3617021276595745
1833,ConstructionObstacleTwoWays,2.404983448987064,27.327888658308627,13.330175141789223,0.05750932601581554,2.7927898298995855,75.75697864309252,-23.535894911822602,-7.138937501359885,-7.138937501359885,4.604619138966449e-08,0.34155683643998014,0.580952380952381,20.720810316323075,3.0077582515431827,6.828375565608165e-06,20.255156754454244,0.26031746031746034
18356,ParkingCutIn,5.563650282874842,46.14216788976185,11.662477316807786,0.8662330020941345,45.1193216022022,104.04026028975954,-17.192612805421053,-1.8407686820840874,-1.8407686820840874,0.0014437471484099699,0.35044792248494894,0.7112299465240641,19.400932232206454,3.0958907398448012,9.178086244628654,18.251942831479944,0.3689839572192513
1852,AccidentTwoWays,2.1306714398031734,28.186922839154523,11.650813347514196,3.680136890013101,3.772472999390456,87.57059617591042,-23.954972822071074,-7.517331344431738,-7.517331344431738,2.862522718935408e-08,0.3530964634652167,0.5304136253041363,19.050316819149415,2.996964070863057,-5.780518127860013e-06,18.28770949529,0.6496350364963503
1956,ParkingExit,0.36210583156807885,3.7746352421216334,1.5246802584600383,1.238627604600407,1.1164788505754921,8.292223542909005,-15.357540334427524,-7.50599740240881,-7.505997402408812,1.0325359439607858e-08,0.7259154008199066,0.14410480349344978,4.161479775596049,2.934865959019525,-1.3380365719188697e-05,7.319551742206916,0.31004366812227074
2050,SignalizedJunctionRightTurn,5.903824169374805,45.042244383384016,13.644537840289027,0.49474518458184014,5.387164776589874,70.25550761556018,-24.38244748584103,-7.509490651354348,-7.5451332664314315,8.03740341566034e-09,0.3603816382664596,0.37815126050420167,20.712956665489784,3.540665463505067,12.77512587655222,19.91618052261481,0.18487394957983194
2082,OppositeVehicleRunningRedLight,7.89657869330074,33.856820234047696,9.85973173730192,0.22268632603178312,4.794839900385881,78.17612906367734,-21.752561421670134,-7.842626563163239,-7.8426278211056815,1.1614339417944679e-08,0.3880086706012279,0.5050505050505051,18.1386362810985,3.321568251610296,9.764321275917109,18.82521513462983,0.2828282828282828
2084,NonSignalizedJunctionLeftTurn,5.605272152057033,23.69016110005739,8.320711803333403,2.0756935510188725,3.7240516970306277,94.16857215455816,-16.958472795421784,-5.564311532000758,-5.564319461798386,1.4434689268303796e-06,0.36487221989178187,0.7797619047619048,16.769278343573294,2.763110467078287,-0.007423078669096684,19.574016743864032,0.4642857142857143
2086,NonSignalizedJunctionLeftTurn,4.382889646670107,15.95443793772053,6.128099631467107,1.0764463749736775,3.2742480026852805,68.81136745272069,-18.307347815580894,-6.042455167757462,-6.042455167757468,4.3305192288017196e-07,0.41623964483530207,0.6496815286624203,12.913038291742385,2.774130345157666,6.40216940370374,17.46638270409167,0.4140127388535032
2091,NonSignalizedJunctionLeftTurn,6.368476770860671,27.668743403134915,13.253538940492211,3.1381914174364627,3.9143584243602945,89.79552246913546,-18.41780251919062,-5.804059136641379,-5.804059136641379,1.0699290498433561e-06,0.32940999586685965,0.7872340425531915,19.15552661737318,2.7678665220853222,6.648939649999964,20.545521482775897,0.45390070921985815
20920,ConstructionObstacleTwoWays,2.279589930225041,25.262737852778162,12.317853596852373,0.05869881842300167,2.795485266859085,71.57912380906629,-23.864931442572274,-6.582159693228837,-6.582159693228837,1.5525483788238986e-07,0.3531699335926137,0.5159235668789809,18.822829198318843,3.0170355250340988,-3.6517244981818167e-06,18.768409773850436,0.2643312101910828
2115,NonSignalizedJunctionRightTurn,2.6106227318189283,9.483073831529332,3.6369711262464666,0.530955331842209,2.56066753234049,36.548718245465004,-21.179775900226584,-7.5764976658107885,-7.5764976658107885,1.0213627970144857e-08,0.5070727724377384,0.5142857142857142,9.182046029150362,2.8537132017233553,9.156636182365961,15.893659774609223,0.2785714285714286
2127,OppositeVehicleTakingPriority,4.1109695637508645,16.485066672217354,5.346598217903601,1.464251323604632,3.940230099594257,65.77551302001383,-23.909705374838136,-7.612514398346103,-7.612514398346103,9.402372647976332e-09,0.4593703554002824,0.4375,9.938386571213288,2.770319182274382,9.976345869658772,16.296676730975474,0.21875
2129,OppositeVehicleTakingPriority,4.2009801416852675,17.278800371625593,6.485114070230001,1.4977441894185701,4.0432751128552225,68.89607432363839,-21.441785254183248,-7.784509165480262,-7.784509165480262,1.2255834686428875e-08,0.42558410323697216,0.4146341463414634,12.253909096248789,2.766694481740489,9.741407677895976,16.22523620218335,0.23170731707317074
2143,OppositeVehicleTakingPriority,4.638213418642197,26.284892325271684,7.024352270668185,2.598452439579421,5.911772573396453,74.21141469827515,-22.654073564949307,-8.248656508354719,-8.250234914678222,4.5262918372437416e-09,0.47601875840182667,0.425,9.623525037484278,2.7890075420142706,10.143456061872714,17.736509674854002,0.25625
2144,VehicleTurningRoute,1.5553349628271733,9.024259807731598,3.992527706463991,0.9543373186619853,3.1171580650842756,38.261240085548465,-23.56336604006945,-6.907498822241378,-6.9074988222413785,9.951876601216409e-08,0.5349756184814713,0.2845528455284553,7.84744743090134,2.8490591224282,3.931918011807337,15.249824230865187,0.2073170731707317
2164,VehicleTurningRoutePedestrian,1.9061301262366288,13.039161145316372,6.223686709857177,0.4870488427709887,2.4792510757450725,42.88792784032415,-23.019572948153545,-6.810196643183444,-6.810196643183444,5.543743402933924e-08,0.45723820810591714,0.37333333333333335,9.82655128153444,2.80181723286007,9.744137960650049,14.369646495986736,0.3511111111111111
2201,EnterActorFlow,8.68966118591853,31.873360607785823,12.9604071690633,5.10727749167538,6.015437994968354,1274.7732959742484,-20.164521398663428,-6.580087328053568,-6.58009646786534,1.7133849847554982e-07,0.3733985696158593,0.6264485344239945,17.520772017106445,3.234188070400986,10.768530109949229,18.38020878363271,0.3619631901840491
2204,BlockedIntersection,1.345842599524821,10.904055360004993,4.044751617559912,0.40693779163467203,2.0224874600950975,31.492716828880816,-23.932631720116085,-7.695004627694642,-7.69579899017972,4.925768264747313e-09,0.5415047071184778,0.31196581196581197,7.7419723488383925,3.0041396393907136,6.510688100583963,16.33438656143717,0.21794871794871795
2215,BlockedIntersection,0.7066571689933455,10.27268451493355,4.22113608588725,0.41739593173637934,2.6159901697413233,43.60074732688942,-27.714547583026707,-8.823371622226752,-8.82337162222688,1.7354213653116895e-09,0.5584555195367441,0.08265802269043761,8.029051136509562,3.072748668841377,9.310616326984102,17.060189491380072,0.06969205834683954
2273,MergerIntoSlowTraffic,0.09358905183282856,1.0719293708202797,0.04824558938083458,0.0017852040874685167,0.3900838689141828,1.3944768723091459,-13.411693228862859,-6.391874230284014,-6.391874230284014,1.852803286060466e-06,2.2849091482376345,0.03355704697986577,1.579884737514126,11.381125933260542,8.731475930361114,14.160394861995853,0.0
2283,MergerIntoSlowTraffic,0.2672813202897165,1.4024843234309687,0.35825107726575467,0.5848372971258315,0.6256410688987529,5.158529481591529,-14.304908520663156,-5.9302521472151115,-5.9302521472151115,2.6678870587650852e-06,2.5609032948632313,0.0051813471502590676,1.1012221562909859,3.4580612113856604,11.332068209605513,10.481664550999696,0.15025906735751296
2286,HighwayCutIn,0.41136547839588583,1.6396449470347556,0.1818898072524106,0.08815349202653237,1.378892466566563,3.9491085926005045,-12.293162856326079,-5.220851859344258,-5.220851859344258,3.7454516505796832e-06,1.411398027200092,0.125,2.606868798121742,5.823637193265629,10.227571427388215,8.170349292509822,0.14583333333333334
23658,HighwayExit,5.540126100725083,30.686809417525783,4.077279997671441,2.373790218809126,5.4607313329619105,140.71920295841713,-15.684061788242929,-6.141642914424134,-6.141643691376174,3.289934156509339e-07,0.7230750265857404,0.8070866141732284,10.2150695374331,2.985982434540004,7.06448208719787e-05,18.08339392002351,0.594488188976378
23659,HighwayExit,1.005829288510705,4.081030578014101,0.2681349284154192,0.4087757311588515,0.9836529851680169,13.377529537192377,-19.795270345222054,-6.020796282911755,-6.057466637088338,5.793827701361042e-07,1.4798959585716616,0.3383458646616541,4.172681838351065,3.860947238503821,4.426683490140453,15.721148346762835,0.07518796992481203
23670,HighwayExit,0.6909241127967483,3.6730133135894536,0.9190793058365554,0.10661121427636154,0.9487415971528282,21.6950171418179,-13.739220413624121,-6.615587626287294,-6.615587626287294,7.073472935932652e-07,0.8744829801013011,0.3535031847133758,3.20753850159281,3.3979928109384563,-3.4627692357979046e-05,10.435641033122968,0.28343949044585987
23687,HighwayExit,1.756011875464562,5.705044852554568,1.9614270852246882,1.3095521263854375,1.5928580901704095,51.97795151375104,-14.831460760627646,-6.663337553029971,-6.663337553029986,2.246145884745947e-07,0.6910682506767966,0.6756756756756757,4.820379330255382,2.774615486242478,-0.00010649715425234361,18.14569776913883,0.4966216216216216
23695,InterurbanAdvancedActorFlow,0.2498978248089609,1.3783812743208455,0.0997191363219835,0.022505172527855,0.9982365939301764,2.6489169429749855,-28.243382163939156,-7.8795148385495954,-7.8795148385495954,3.654420781391316e-09,2.5044416207039286,0.009433962264150943,3.5923972192596456,12.93767360441779,9.100187523187088,17.993898228029824,0.0
23700,InterurbanAdvancedActorFlow,7.1679002638773035,40.80433426989141,11.442002617813282,0.26627553285185385,4.357797564782809,101.78418374705771,-11.393911505018535,-6.368366424625957,-6.368366859716642,4.880950881300542e-07,0.3666624501242475,0.6267605633802817,20.396997664656666,3.2664141842139687,9.172724970835173,18.21683196972261,0.33098591549295775
23708,InterurbanAdvancedActorFlow,8.883072903830358,37.345813419808124,3.798503721043946,0.02272946217061453,3.766540845367087,91.49565090945269,-22.04343169419828,-9.235522940132444,-9.235522940132444,1.8483423444650498e-10,1.0732318345519882,0.3786407766990291,9.192047635537786,13.19849753067547,7.937830264711289,23.88516858262384,0.0
2373,VanillaSignalizedTurnEncounterRedLight,1.7517890439102581,15.768720796327951,4.072310257223674,0.907689688446524,4.41062741383368,101.77894345118601,-22.890958056639647,-7.4535403059056105,-7.453540305905614,1.2072335872983426e-08,0.5833690637443293,0.33907056798623064,7.353024518527861,3.331869198708975,9.637490131358263,11.009549052685427,0.9225473321858864
23771,MergerIntoSlowTrafficV,4.083187413377508,12.393296808854696,0.8428884607091663,0.5932613482058954,1.4727579260290113,51.85648014989436,-14.046231824262238,-6.047663309657495,-6.047663313073189,1.2162192422324087e-06,1.2122844761136824,0.6299212598425197,6.697799837404108,5.773642922180911,16.752673153654108,23.391967558595105,0.12598425196850394
2390,VanillaNonSignalizedTurn,8.740418907238563,57.53635585235898,22.131917750052594,0.4689448622081023,5.150752278064303,64.67909991356537,-21.743800566317802,-7.2755835185697535,-7.2755835185697535,3.389273348911417e-08,0.2672708201352496,0.7027027027027027,30.290629185349086,2.808742853485781,6.430027268074672,21.6766461814285,0.3783783783783784
23901,InterurbanActorFlow,0.18189381905799218,1.381006754049692,0.18994384707217354,0.35772673072129435,0.631151669273942,3.72882329068884,-10.820303981731625,-6.547230536685991,-6.567218798228304,1.2333706957361231e-06,1.8592882043689425,0.05365853658536585,1.3686275187198305,4.900945219279386,8.449884168996698,8.044823165583082,0.35121951219512193
23910,InterurbanActorFlow,0.6325149471464668,2.9320308297265427,0.19598839822981926,0.38738972741432864,0.7839523472116755,7.653430860472248,-22.725359834707266,-6.3540533021724075,-6.354526591431606,2.1389952740061904e-07,1.4503590424479333,0.23140495867768596,4.819610007689992,10.78565393699862,6.474935112548865,15.841659460975032,0.0
23918,InterurbanActorFlow,0.2644975341485194,2.0628746530417406,0.2513854156959043,0.574771810184147,0.9046624303274429,4.575807340769386,-11.203790360671906,-6.063967930223971,-6.065179313385247,2.0945699310471705e-06,1.9640233356463497,0.05202312138728324,1.4379210821576236,6.306876708875271,8.636468603014468,8.137252056235027,0.23121387283236994
23930,InterurbanActorFlow,0.13095034822118246,0.3371545988021325,0.03669613981354554,0.13448185453801004,0.3150205339791654,1.9118750840292638,-11.116112789515675,-5.857479174721825,-5.857479174721825,1.657607312278054e-06,2.703623401362513,0.00684931506849315,0.7959461408239917,10.265124118610121,8.504939915009235,7.934824618556636,0.0
2397,VanillaNonSignalizedTurn,8.710749049400661,60.62923032258085,20.493502966778248,0.4585229157288775,5.241152048770447,61.8463182507447,-21.91074604059947,-7.371172119360108,-7.371172119360108,3.1362937607493344e-08,0.27540221774562096,0.5915492957746479,32.75219754110574,2.851952317126319,14.952680470031856,22.245843686153602,0.323943661971831
2403,VanillaNonSignalizedTurn,4.059694942338372,20.95991786857734,10.468870993604664,0.4083503313268153,2.3710357624243956,27.60592560790093,-24.920751285456525,-7.700824311049521,-7.700824311049521,7.130503236752009e-09,0.38655437152386685,0.5441176470588235,17.172758211104505,3.1210216208324466,8.468826823380567,20.465679457376435,0.1323529411764706
24041,HighwayExit,0.2666247332212009,2.5010974248090614,0.22581988618549217,0.40021535797992724,0.7096496403772521,5.545794451000979,-10.51538913215988,-6.529117499538014,-6.530502624903263,1.2447779585306757e-06,1.5339520987124131,0.08653846153846154,2.827565142939997,4.927522241212224,8.486707420861816,11.317045873947022,0.34134615384615385
24071,InterurbanAdvancedActorFlow,0.2496234393683344,1.3763100488682893,0.10578614510346622,0.022371793404631794,1.0340070727408657,2.6460084573043448,-28.219159847838764,-7.864373889808672,-7.864373889808672,4.439076505073656e-09,2.5048203256630583,0.009433962264150943,3.588249268168208,12.87890128869426,9.166273634310206,17.975839400906644,0.0
24078,InterurbanAdvancedActorFlow,7.087923802318332,35.852164117579676,11.652539948638767,0.25974567592406406,3.968021793596128,101.35731037315215,-11.255684934939874,-6.370678693835118,-6.370679134652514,4.863691598655915e-07,0.37708577260267634,0.6293706293706294,19.29279412310647,3.2869353999146242,9.135639595741585,18.182256736410654,0.3356643356643357
24092,MergerIntoSlowTrafficV,0.5293814117751834,10.92391142710361,0.9680104730930036,0.9308025025766115,1.4377400174118993,54.738037977553965,-27.631425538042688,-6.816858559246847,-6.816858559246847,2.346722044273783e-07,0.6539323605763004,0.10444874274661509,7.198398568717314,3.248973574311634,-0.002825412178246438,18.382629951926287,0.8965183752417795
24098,InterurbanActorFlow,0.6274850682767958,2.854457766872312,0.1949583283177545,0.35615006701706997,0.7545001021686432,7.59256932614923,-22.768266907086183,-6.3238416925723815,-6.323844216296615,1.9548926616203348e-07,1.4528801998287322,0.23140495867768596,4.750247831888404,10.730824581616263,6.19612313016137,15.720925749361314,0.0
2416,VanillaNonSignalizedTurnEncounterStopsign,2.0753774417452413,18.32678515381292,8.217991168413548,0.5276639288333055,2.353122208450603,22.20653862667408,-25.97491825503109,-7.813244817347127,-7.813244817347127,9.141490853999247e-09,0.3877605371187133,0.40186915887850466,14.676738924568712,2.829681181729455,9.014175315670727,18.58289403167167,0.08411214953271028
24206,ParkingCrossingPedestrian,3.3186143216253168,59.05049535410597,13.15643300928443,0.49038822452218506,48.972887522111066,121.12942273932407,-22.250262632940398,-6.9813826944518595,-6.9813826944518595,9.869823184637407e-08,0.36993518983113083,0.4712328767123288,20.791805153470847,3.5942824933569577,12.293710650069364,22.412112379441627,0.2684931506849315
24211,DynamicObjectCrossing,4.025878782349287,51.8043077766641,6.281196783938088,0.012753537645732407,50.98034512219757,70.0502908128776,-15.670576816029131,-1.3713945739179083,-1.3713945739179083,0.004252509375428604,0.45987168343390095,0.7471264367816092,15.989151128905336,4.041442490516973,7.949303084111011,22.601833957880107,0.367816091954023
24224,DynamicObjectCrossing,9.756350397091037,89.07248141441401,35.22429103005819,0.010309430139656076,6.074774018809984,125.85692012247438,-18.72406471112426,-7.030413918702588,-7.030413930073611,7.141440627268537e-08,0.2756111678529103,0.7596899224806202,41.08594431043374,4.028013080997425,15.999778939673545,33.853359185621095,0.3178294573643411
24240,?,5.853733567999807,27.85606062682025,6.159837721007951,1.3791774665912573,3.5785468099856135,76.68390974079749,-12.404442779228178,-5.864633164528745,-5.864633247458176,1.6203288218883961e-06,0.4376784860572788,0.6793893129770993,16.02981597902872,3.63523734780179,6.929761343017035,18.02507030474554,0.5267175572519084
24252,DynamicObjectCrossing,4.2076832944575004,56.15569598015808,9.94380641692174,0.005803520022572531,55.35230223376723,81.20828758302976,-18.376296230515823,-0.6755800453154701,-0.6755800453154701,0.021108038257829906,0.41170445410927303,0.6580310880829016,16.867076319272453,3.6339097201607196,7.7639720320198835,18.317927464750902,0.29015544041450775
24258,HazardAtSideLaneTwoWays,3.489999778625621,29.953682362218323,12.761775358107732,0.8054827309873609,2.9233684247841656,70.49799552823754,-18.77052112934242,-7.312763030396671,-7.3128016734941355,5.074278916197108e-08,0.3465684637196896,0.6732673267326733,19.930491802607555,3.263092692584494,3.0573930607850657,22.15520929234011,0.5445544554455446
24294,ParkingCrossingPedestrian,1.2218827563457388,21.099467188317785,8.444838160551972,0.1647696705338197,2.1975341662909575,55.84004196500027,-27.835019783459373,-8.944290236944102,-8.944290236944102,1.2018315682491299e-09,0.46492924854131806,0.2100656455142232,14.056514709520604,4.1113431489178955,5.708880231601109,18.98599623360025,0.1050328227571116
24330,?,2.6767177114805154,11.715004913093486,2.215043960089854,0.0022135753157704985,1.577441912459438,68.5239734139012,-17.857087450118897,-7.584981498737194,-7.584981498737194,1.0165355485181658e-07,0.8154743821408844,0.546875,7.313991361082273,3.40120802849939,-1.327163267437385e-06,15.93145127081157,0.8515625
24333,DynamicObjectCrossing,0.7579653768731935,50.97241330953584,1.8035793099556008,0.005813218411676961,50.94609702572811,14.098156009841402,-10.29221514958393,-1.5994403911720427,-1.5994404022890125,0.002515454266407599,0.7713580351550651,0.45698924731182794,4.771520404564999,3.143392028641359,8.075460252308062,10.561145860204253,0.5
24340,?,3.5158361535378164,11.508210987410148,1.9436191560615386,0.00048743161832892244,1.426605343513984,51.33120784165212,-12.6564735504363,-7.532357487231371,-7.533319172916737,1.4904515735799793e-07,0.8925381099510239,0.547945205479452,7.454890478418688,3.4249703536855347,8.119343559073736,15.682791729786201,0.5821917808219178
24367,ConstructionObstacle,0.5737369506206333,5.23598257285609,0.376881790867678,0.04170113165531865,1.6262288675961274,9.466659685240451,-10.54129000737134,-6.228358874476844,-6.228851299867149,6.185583211126792e-07,1.7536343959425653,0.09696969696969697,2.0000192125307388,3.4006473039303775,9.66033437009555,10.014649051318486,0.6060606060606061
24757,ParkedObstacle,4.317274526554455,56.298493163013056,5.454850930032651,1.195853338213209,55.958982680522794,504.25766470156043,-23.065309916978773,-2.0952819586261744,-2.0952822034377783,0.0008035485484998977,0.3870346466156919,0.901541095890411,13.918495083546608,2.457878838317,-0.007644013197344407,13.777542526923128,0.8929794520547946
24759,ParkingCutIn,6.41642349820587,82.35868067967354,10.491940738238265,2.079430957352456,79.73756772886047,114.85398061788509,-16.33515235181146,-1.0559017860627875,-1.0559017860627875,0.008793641388181582,0.34162136386408454,0.6312849162011173,25.374410254961226,3.0314911835573026,10.596134457766146,21.962055625825144,0.30726256983240224
24781,HardBreakRoute,1.6522703230402263,15.82249448602447,5.871689488007999,0.0011521147277592056,1.8560686448532335,86.90941899191591,-23.05087925381899,-7.76817905843232,-7.76817905843232,9.424986548055231e-08,0.5125638831189909,0.4714828897338403,12.110299993863004,4.100464446517067,0.8595642802889479,17.749444881387923,0.22433460076045628
24784,ControlLoss,1.284085898462433,22.484072776873628,7.876507870602932,0.0009046022465594931,2.155251503520054,58.6827255597332,-27.703910532732973,-8.528811164466157,-8.528811164466157,3.282156718438575e-09,0.4492209235940411,0.17067833698030635,15.813800635208382,4.132672749899705,10.089045018496464,18.80297232641021,0.05032822757111598
24785,ConstructionObstacle,8.861727406718362,31.083537049250147,4.954491684488523,0.07833183161079268,5.196969754228394,150.64936591421218,-11.147702509132305,-6.04390180304017,-6.049390856108072,1.9857267894934725e-06,0.5786685115207729,0.8,8.090484859217083,2.9572517347149434,-0.0007175351629726991,22.57658046591679,0.7058823529411765
24795,ConstructionObstacle,10.39111512014145,28.043237183986726,4.8974084905444535,0.08650302453899335,4.387789640068704,121.57604690565498,-11.654592759116442,-5.987916859287334,-5.989154782388795,1.3964577995051874e-06,0.6977767093429147,0.7264957264957265,6.508450794073803,3.4574389224062605,19.44643803832438,21.827107818431088,0.5555555555555556
24816,Accident,5.896322072976937,28.94831630150451,3.2656455461676193,2.6242487523246147,5.101336453872075,106.72342952088258,-14.670160694334314,-7.114496377531932,-7.114496378790295,1.439831670122166e-07,0.7077305102280449,0.8342541436464088,9.706192638018306,3.407859033723393,3.305632381232738,20.01519915183676,0.4585635359116022
24841,ControlLoss,3.005931072936879,15.330243990298603,5.7491577931969875,0.09368614130279372,1.8101103941953873,67.93404224837347,-16.211253294392968,-7.967616251734985,-7.973463894305948,8.56114024616542e-08,0.5173389099226842,0.5796460176991151,11.83924854844615,4.105021578536583,7.870500801067878,16.96071556157336,0.23008849557522124
2509,ConstructionObstacle,2.5780819428240656,14.173737545191305,3.9210929009242457,0.02568476347937205,2.8876167653025244,48.46794052509244,-10.863158344595524,-5.294058002521487,-5.297974132580629,5.559573367922007e-06,0.555455834348955,0.7446808510638298,8.485110145923008,2.988833270478451,-0.0004290417640049537,20.419263797147426,0.776595744680851
2513,ConstructionObstacle,5.498337255231388,26.511093264843815,10.178309966433,0.09312117811126867,4.448406200647252,179.24579452054326,-15.37706410236881,-7.43112949630034,-7.4311294974278415,6.256762893896496e-08,0.40429821203962274,0.8742331288343558,16.12728428384093,2.3217610620354967,-4.7415363895321956e-05,18.984767781983795,0.5429447852760736
25300,HazardAtSideLane,6.18236831051071,15.327956846491945,1.7096221101290145,0.1952757600908765,4.247059274972691,108.8096822649885,-10.36972945606833,-5.42636374284048,-5.430096667265391,3.2479830627006113e-06,0.9430936871933542,0.6761363636363636,5.127395597117194,3.422925056533748,16.98736117541141,18.614970957212012,0.42613636363636365
25318,ParkedObstacle,6.194561338749419,62.755395547596336,3.5144469074350755,1.4778336277641475,57.787398061773025,144.33327919286145,-10.954407470700772,-0.09355678738071362,-0.09355679262848327,0.0806252700524647,0.8045934825873011,0.7553648068669528,8.637713881211372,3.4065919131979894,-0.00021135808019922837,21.837040378055633,0.5708154506437768
2534,Accident,8.037396882258422,30.046364828896007,3.1724597970037554,3.6211706469968856,6.133405091786919,120.56095323387633,-10.543469641461389,-6.29407628584173,-6.3327990101364495,6.028692328056979e-07,0.6720858026443628,0.6133333333333333,7.471252547614298,3.4279323531575097,11.30273793416047,21.709953524619536,0.7733333333333333
25358,StaticCutIn,3.3794862985276355,9.510957125326156,1.914809679681946,1.9464539585862768,2.395978980922506,59.478958854086386,-10.283112175198234,-7.059545177406325,-7.059566862811686,5.756484479729581e-07,0.7189127102224173,0.6818181818181818,5.452625513154362,3.336307859292581,9.76923450567288,9.808802995798784,0.8295454545454546
25378,YieldToEmergencyVehicle,8.06351787095628,72.27414947292786,28.75525503529774,8.363813576943052,6.591043809270567,89.50504836761472,-16.791473311236857,-4.808388863315248,-4.819821294682778,1.3509290999445026e-05,0.27317995630650965,0.7477477477477478,34.2019729395134,3.5251566779227517,9.113952296358518,23.907141034895048,0.09009009009009009
25381,HazardAtSideLane,10.066080330882688,29.257301530361545,4.178175010564789,0.7613568202918003,5.159783368699747,156.02424512868166,-11.154804560494801,-5.740871540115645,-5.759882911909664,1.9056086282250452e-06,0.7048190980519017,0.864516129032258,10.237994122863208,3.246030016123901,1.7707538417424191,22.65075268489695,0.6709677419354839
25383,ParkedObstacle,6.6837375695206465,53.447224580044384,4.182445123070983,1.2306156512128723,50.51826345763688,111.6184174109948,-10.015543295570028,-1.4584220696935712,-1.4584220783077981,0.003482447305652054,0.6333127222972026,0.6467065868263473,11.998321197354954,3.85256530598065,8.590431383027376,17.98695065942235,0.6347305389221557
2539,Accident,1.6080982488266804,8.32772522886043,1.7693577704456744,1.9547467753625754,1.9302958671667607,35.699781123952306,-11.597096086970666,-5.951286779290112,-5.951286779290112,1.2797692900068305e-06,0.7525323876234918,0.49099099099099097,4.940679959169876,3.072513977854179,-2.8119706470330546e-05,10.717661602788112,0.6936936936936937
25424,ConstructionObstacleTwoWays,8.45286409049038,90.31754919251414,40.924207240096266,0.05607341290933009,6.079715595937561,141.16283031118934,-20.415376380560105,-6.361385413834127,-6.361385426737027,2.861240422391019e-07,0.2541859074537104,0.6107784431137725,44.249280225217646,3.4970807520357168,18.060084229776876,28.233761038099065,0.20958083832335328
25439,HazardAtSideLane,6.284276143299727,36.79512414299394,11.134455742292912,0.3636337754359198,4.224584024282403,123.17181240867465,-10.85151228782395,-6.49426786792373,-6.49426786792373,7.459817967799898e-07,0.3978009715559824,0.75,15.68810657802176,3.2788078694403127,-0.00021792946619622773,18.48591570201894,0.4846938775510204
2554,ParkedObstacle,5.07383819389934,59.74592258605438,2.0352084255054117,1.2467018550925957,56.202172529880556,112.63920790456537,-12.412122072602136,-1.2216723773006533,-1.2216723804929608,0.006002804893468569,0.6685195554775522,0.6486486486486487,5.061474473590539,2.6987451808660254,-0.00465207900093884,19.97597453544325,0.8783783783783784
25845,AccidentTwoWays,2.1769302658947036,22.752256656984056,7.716355887750461,3.524416529337149,3.3159385043506537,72.05639180111469,-22.75332490457256,-7.422775663189617,-7.422775663189617,1.12416528842336e-08,0.42666731640133865,0.5981873111782477,15.293563698417648,3.5015612728545844,-2.5983650429657083e-05,18.431352377500325,0.6102719033232629
25854,HazardAtSideLaneTwoWays,4.298056121472096,53.87751069456811,17.431998077659486,0.8993974772625639,4.320158261184964,79.08423263508658,-16.72690271606819,-6.7317865598395406,-6.7320486287036685,7.250231548514623e-08,0.31546010650553186,0.6413043478260869,30.431933523278726,3.4417217435328493,13.737720263449967,23.85894940544202,0.5978260869565217
25857,AccidentTwoWays,3.208300420497279,46.28144456635352,13.50649277493204,3.9517758175388287,4.308307803387773,103.62810358206212,-21.455559688494386,-6.80825291652597,-6.8625365398836164,2.124586030547099e-07,0.33091241456723786,0.5294117647058824,25.914076977733295,2.965030787883164,6.512645517028179e-09,22.395383289156715,0.6656346749226006
25863,PedestrianCrossing,1.2239266075429696,7.84275742585808,1.6732736804698658,0.4499638869589194,2.217100144186535,46.386818425878545,-24.848673503582823,-7.932082955509528,-7.932082955509528,4.078038690636695e-09,0.7428158236741941,0.32981530343007914,5.431290504826617,3.5734672877345863,3.3476971531837214,16.045613257161488,0.46701846965699206
25865,ParkedObstacleTwoWays,4.759160051735865,73.52794662128112,33.36341911193407,1.6458524496183515,56.24058169386121,103.74968912784186,-19.142208301560395,-0.27363124554458174,-0.27363124554458174,0.05325867121189183,0.27187440652532324,0.6192660550458715,35.930162187772076,3.1539876024489977,10.4306980037927,24.923554736934058,0.3348623853211009
25896,ParkedObstacleTwoWays,4.7209137016765625,60.60615663614177,9.958377580237899,31.60661248252276,51.12197472228504,94.41827403353126,-15.629838533399038,0.5141923338469296,0.5141923338469296,0.32673759374434375,0.39673798503974433,0.65,17.77576847912669,3.129518889727178,9.53861689947889,21.155836604709833,0.445
25928,VehicleOpensDoorTwoWays,3.690439147980652,91.46701994316389,29.327779382885325,1.3224711299217975,6.020987414757824,125.10588711654412,-24.506269543617204,-6.353954118377365,-6.353962206782301,3.7126838416544335e-07,0.25833040557901205,0.35693215339233036,44.10379555713218,3.4389081758279434,8.9017895885339,28.976091511372882,0.19174041297935104
25951,HazardAtSideLaneTwoWays,3.004902866640935,23.19128146941589,8.004360376237624,0.6656678455209758,2.2541372218193145,58.29511561283414,-18.986241155710474,-7.415325911271505,-7.418519696840644,1.898424855317954e-08,0.4202190646489167,0.6082474226804123,16.240029492716978,3.64421210455713,9.873932423040914,17.749122534300398,0.5051546391752577
25955,HazardAtSideLaneTwoWays,4.5801618771669705,46.90985219764239,22.75544335522977,0.7382525712040625,3.952146692329464,82.90092997672217,-16.016655748409743,-7.239769927792918,-7.242187393026404,6.369302378310576e-08,0.3153898726455187,0.6850828729281768,27.827111460022614,2.698533199736371,13.677255475223996,23.24690195281404,0.6408839779005525
25968,VanillaSignalizedTurnEncounterGreenLight,4.649920268311684,19.346779901552196,7.035241687642671,0.3400598551319725,2.3305570927040495,34.87440201233763,-21.269112466011705,-8.481330750293335,-8.481330750293335,2.334332926907313e-09,0.44951765615349654,0.6666666666666666,14.177276747559477,3.5650572071244175,8.923730801873058,17.130787944349517,0.26666666666666666
25975,VanillaSignalizedTurnEncounterGreenLight,0.956793774567555,9.51152167737029,3.1120683420636497,0.38969018664130267,2.5372464045599243,48.98784125785882,-26.46454829623641,-7.688376833477836,-7.688376833477836,5.049446762486778e-09,0.6449702179066277,0.2109375,6.760972907064842,3.597753978456057,9.06352978626426,10.491914099422942,0.169921875
2606,ConstructionObstacleTwoWays,2.3808201078839772,28.134590178970196,14.391571818810835,0.05877240619201095,2.729790330204186,74.99583339834528,-23.733800833260634,-7.6557822177762835,-7.6557822177762835,1.9545129828152476e-08,0.3339311484559644,0.5428571428571428,20.33373623801375,3.0040285782529277,-6.208816533486607e-06,18.623997874364548,0.2571428571428571
26393,ParkingExit,4.016862824134103,27.300479332188083,8.784536200053344,1.581372204340104,3.431731363902094,97.2080803440453,-15.419770392834414,-7.015255180399905,-7.085160678140603,1.8139221757553962e-07,0.3975803434201709,0.5743801652892562,18.91954082714641,3.6014698612955316,9.266200044649915,19.403343285002766,0.4669421487603306
26394,MergerIntoSlowTrafficV,1.1363784557073409,8.353864665863846,0.4550123560230383,0.36245252257139216,1.1296239079229158,20.22753651159067,-26.921963364539476,-9.030562065836627,-9.030562065836627,3.619531138630263e-10,1.0483888806076298,0.20224719101123595,7.389028219493447,6.6972699595346645,0.596054515438152,18.375795237686305,0.10112359550561797
26396,StaticCutIn,20.553875939379644,88.80802159793267,11.150277753880209,3.437428892263745,8.408654887187971,248.7018988664937,-11.678765870706883,-4.275749121503658,-4.275750238772302,5.846702312555022e-05,0.47125662769525717,0.7768595041322314,20.215359497364883,3.562331244045099,8.931354191039409,24.975966291465024,0.6198347107438017
26401,MergerIntoSlowTrafficV,3.2635828298913285,29.674217122473816,6.528436370163451,4.704101493021436,4.953157291625074,54.828191542174324,-12.107806741376,-5.840102368961045,-5.840102370222212,1.6391331489134535e-06,0.46842814146670847,0.4523809523809524,12.64233865155444,3.5210237608510844,-0.00034365782201620937,15.660009912575955,0.2976190476190476
26405,StaticCutIn,11.298417282107732,41.03181455422421,13.13720107431107,1.6469426753397023,4.99644360895591,183.03435997014526,-16.37898360492911,-7.8557043013260195,-7.865527839756239,3.0019955367528717e-08,0.4141692446246956,0.7160493827160493,17.22185817844997,3.485430077149156,10.009781669061786,18.44468279200936,0.654320987654321
26406,HardBreakRoute,3.093191746859063,9.927388139321527,0.8074526714375841,0.0,1.6794207627476891,93.41439075514371,-15.09098244554138,-6.113329093961455,-6.11542289331979,2.7191719721012494e-06,1.2295796191169537,0.26490066225165565,4.760905206043965,4.477086426102826,0.6263773931273997,17.219871606780746,0.8940397350993378
26408,MergerIntoSlowTrafficV,1.0517007079978613,8.010480081920454,0.31099268140701064,0.49069074914082167,0.9356902092465045,18.089252177563218,-26.90963682653359,-9.511437757935065,-9.537473272523325,6.850093076546282e-11,1.3252938823346716,0.22093023255813954,6.332680415390971,8.894691216522798,5.991538878934316,18.404274647665726,0.0
26418,ControlLoss,4.545992214439872,18.130774700617085,7.342125833313974,0.000523509081899163,2.0748280914378516,83.64625674569366,-13.629169588519296,-7.819672777922605,-7.819672777922605,1.6063506421295708e-08,0.44347464757365856,0.7065217391304348,14.457565534897668,3.5999688389707707,7.939484629112038,16.290135429651247,0.24456521739130435
2643,AccidentTwoWays,1.8689608456462694,27.826455926880243,10.922909361326354,3.7327926924337937,4.007644914505246,93.44804228231348,-23.0661991561339,-6.610742071210454,-6.610742071210454,6.474025165953733e-08,0.3572213874501548,0.434,18.677360027384797,2.9996210892124804,2.0229706073972102e-05,18.561739923243813,0.274
26435,ParkingExit,4.336969844861309,27.473561188037717,9.227872107010123,1.144858562072928,2.958381550569438,112.76121596639403,-13.440295704548241,-6.60875061170736,-6.608907217698178,3.9146349190848434e-07,0.37581348989225277,0.7076923076923077,19.920234590914788,3.452403704757031,8.930714578033907,19.35854392719323,0.6038461538461538
26456,HardBreakRoute,1.2768355082267937,27.755106529067284,10.03093251706186,0.17619743191098794,3.0395855456850573,98.31633413346312,-24.961467341182164,-6.946647931023751,-7.031607758262621,2.5108248935429956e-07,0.3805292516474376,0.261038961038961,19.900055458070476,3.3847367961174353,8.725233886744258e-07,17.625984845122108,0.2051948051948052
26458,T,1.5183819874574727,5.469164229460254,1.8037560456256647,0.0014100473941710489,1.4502463503384333,21.409186023150365,-19.146722468911626,-7.639151450114002,-7.639151450114002,1.481357653108994e-08,0.7615046483143277,0.3900709219858156,4.6760140845844615,3.593308751230989,7.998468890804601,15.852835572586155,0.3191489361702128
2664,ParkedObstacleTwoWays,3.1260993731455082,58.5009990715354,13.874606431766226,1.8098650903253055,58.02178752028019,95.9712507555671,-19.327255628920298,-0.9355061961735516,-0.9355061961735516,0.011601118984984359,0.32849332064713416,0.5635179153094463,22.060430665902636,2.6946574092274513,10.035392570432869,19.716564323446953,0.32247557003257327
2668,ParkedObstacleTwoWays,2.9933750736854465,58.53506193086164,14.078101412428996,4.970666122344056,57.54787471263811,93.99197731372303,-23.016361703161163,-1.2058942811623428,-1.2058942811623428,0.006225409880949807,0.3464640554250484,0.4171974522292994,18.21483132776809,2.6762754220659315,9.654562668464985,21.620845325126105,0.22929936305732485
26944,OppositeVehicleRunningRedLight,1.5550267822286024,31.73304118618796,8.059789008797887,1.0087248452502784,4.535800292559532,94.85663371594475,-27.850794248458605,-8.277157184128384,-8.277157184128384,3.6209159272016387e-09,0.4229147652757005,0.13278688524590163,17.089941865886598,3.560435595378166,5.556663420616192,24.404552492128346,0.09508196721311475
26950,OppositeVehicleRunningRedLight,11.225743180934806,123.256116956492,47.031131637050606,1.0692254421443526,8.37146015175936,83.07049953891757,-19.149292220718905,-5.025873504798641,-5.025873504798641,4.117070152343672e-06,0.16997943325692388,0.581081081081081,62.43315817047662,2.6263660065963954,10.676273644152937,27.943139407050552,0.16216216216216217
26956,SignalizedJunctionRightTurn,4.143883325152676,18.44833786947153,4.336726353684578,0.8715919885997183,3.674466736777158,59.25753154968327,-20.64419829838362,-5.02903303156216,-5.029583202189355,7.287636818720219e-06,0.8068508853424504,0.6363636363636364,7.461756993816013,3.4795790856484645,8.36722829169264,16.480610839546493,0.6713286713286714
26966,SignalizedJunctionRightTurn,8.202548217243873,36.334666169624946,5.468622529676267,0.8342264270078896,6.7052399930087,98.43057860692647,-21.267322955886264,-5.05271713997313,-5.09927276366687,6.206661325014136e-06,0.6926009106706544,0.8333333333333334,11.26479031989573,7.067167341364771,13.982911520651792,18.8803216961554,0.1
26990,NonSignalizedJunctionLeftTurn,3.951424350265558,50.842069715921404,15.355632833086597,2.4267106802643927,7.932558888655279,206.26435108386215,-23.327501222086042,-5.413962741638463,-5.413962741638465,1.264901543084694e-06,0.31850935318763607,0.8888888888888888,29.292209414297243,3.3189892882542615,7.883845630076072,23.15552264877954,0.4904214559386973
27018,SignalizedJunctionRightTurn,0.40611914044931735,16.72241082480262,2.9359999549803577,1.080312245960917,2.0842283177235887,81.22382808986347,-29.077529299900757,-6.212218296687234,-6.212218973315379,1.585288892760557e-07,0.3495166837915688,0.05,18.223375247386226,3.501082364216746,-0.013048304051342757,14.996022328398432,0.9495
2709,StaticCutIn,6.125974304361047,21.906867286739505,5.843938348447797,3.3318251833000327,3.475741630550378,80.25026338712972,-9.81981304983041,-4.485505060230278,-4.4898842533153065,4.153519146762443e-05,0.5014120663467984,0.7404580152671756,12.149991496844665,3.4170211459336697,16.005174649752167,17.486538851500953,0.7786259541984732
2715,StaticCutIn,11.602148647899194,44.450623522209796,14.213190433182442,1.836520061791581,5.539798760836986,203.0376013382359,-14.95277974177155,-7.7597612876797335,-7.759761287679734,3.598322248425034e-08,0.3798431842088429,0.8057142857142857,18.72501919883848,3.2497611416560352,9.64357482237258,18.442850218142954,0.6742857142857143
27494,BlockedIntersection,3.0574724155796176,35.42065923640506,15.110822915484693,0.21672902669719593,3.9889581188171293,61.45519555315032,-23.647852441473717,-6.886314155451618,-6.886314155451618,7.601041593128594e-08,0.34972038339550665,0.47761194029850745,20.875886835570988,3.511872235600883,10.308773320896519,21.68990377609629,0.20398009950248755
27506,EnterActorFlow,5.1586132173910935,39.36262832560326,5.56461868247119,1.5314545908523476,7.307281682913482,110.91018417390852,-23.12019746480378,-5.4394532741503925,-5.509097896666015,2.5413846422532484e-06,0.7901145321447497,0.4232558139534884,8.767847031413257,5.299565824610085,0.0040768997725457,17.839851092819252,0.7255813953488373
27515,PedestrianCrossing,0.42096194118705754,12.232825016919215,2.660103958179216,0.8668981360331224,1.649071808623836,38.39172903625965,-28.375055782624816,-8.294361798088289,-8.29448077580344,1.1536664426635965e-09,0.5442671892884104,0.07675438596491228,10.27946234538671,2.8866754989648875,-1.5924541301080354e-07,16.706516659994264,0.14583333333333334
27529,PedestrianCrossing,2.0723217730007173,9.145239513541236,2.323397698825757,0.37246729698351955,1.9926023053982072,34.40054143181191,-19.968273569693267,-7.259795160674819,-7.259795160674819,2.1509608382245332e-08,0.6306644255704598,0.5602409638554217,6.810958790930097,3.5511904173605995,3.961655340512466,17.40753527152134,0.7650602409638554
27532,BlockedIntersection,3.201401171918641,32.12640235896903,9.380346889084606,0.36991937058230484,5.367188767971477,58.905781563302995,-24.731791720874714,-6.5187432240523036,-6.518963279112225,1.2271090926733258e-07,0.4178720155769834,0.4076086956521739,18.442090621957664,3.525382224202384,7.6256187519785295,20.201030181812115,0.1793478260869565
27582,PedestrianCrossing,1.7907221736549706,8.658643192140795,2.2949889447070664,0.6587422553264671,1.8068991451713965,37.24702121202339,-20.81694173811571,-6.4296264265359335,-6.429721519573244,3.256504285904464e-07,0.7402828773880876,0.3798076923076923,5.0203360422256855,3.4537109831477935,5.44219404344087e-05,19.82023460971284,0.6442307692307693
2790,InvadingTurn,8.75259090907943,63.000099201790555,29.23008418660221,1.0795176267259552,4.900332973813536,77.022799999899,-17.14048963597881,-6.629671019474795,-6.629671019474795,2.2575933325673446e-07,0.273697579965434,0.5568181818181818,33.89832753649646,3.401238508306715,16.00586993364895,24.91085564420258,0.2159090909090909
2802,InvadingTurn,2.6540174214081222,27.223453551188804,11.601547249008313,0.7686140880227258,2.9291489148933954,79.35512090010286,-19.89124426762766,-6.09515388934553,-6.09515388934553,2.6644514059054243e-06,0.3612939494979965,0.391304347826087,18.196746584129762,2.9741871184061575,10.362172985374373,18.226715586209796,0.8729096989966555
28035,T,2.3346161409974746,66.22697535628446,25.132366490843406,0.5705548067992062,4.784726497781215,115.56349897937501,-25.708440210259884,-6.751859414432342,-6.7518594876593365,9.981217062015443e-08,0.30617259137633773,0.2,34.74870916178258,4.069278879198466,-3.118033557275299e-08,28.36678623653041,0.09292929292929293
28048,T,1.7906444546958389,21.66886022240317,5.427578553125111,0.8158849834833548,3.7851232954213625,63.388813696232695,-25.606352337883358,-7.143833915352149,-7.143833915352149,1.7847376046612953e-08,0.48658397943865384,0.2231638418079096,14.339053235783064,3.7800974403055236,-2.7967846248636997e-11,16.377494257824253,0.1751412429378531
28087,NonSignalizedJunctionLeftTurnEnterFlow,2.799742860468585,14.790742190884863,4.423214768746237,1.1931643543543284,2.3908733524690278,44.23593719540364,-21.285553604458624,-8.219198554733783,-8.219198554733783,6.383742039664742e-09,0.4316620331593386,0.5379746835443038,13.864112773337288,3.5539865448487595,9.539333458005546,18.690546657050426,0.3291139240506329
28093,NonSignalizedJunctionLeftTurnEnterFlow,0.8022419914231557,14.148624285830396,2.646831253523633,1.0844027964197709,2.381236377711008,48.37519208281629,-27.65706771021044,-6.13416200242554,-6.134162002427402,2.9184666874739015e-07,0.5053565869205844,0.12769485903814262,12.901915025871386,3.559521858875855,8.842807217606685,17.81764719295817,0.06467661691542288
28099,SignalizedJunctionLeftTurnEnterFlow,0.2824339686638767,20.012823673433545,7.3454747619683785,1.4361326234436116,2.0565001373369074,56.48679373277535,-29.273893644880786,-8.287468196717771,-8.287468196717771,3.9328709524629995e-09,0.43836121933261607,0.021,15.6222952394414,3.5898240084528186,8.248474473902396,17.8546797329459,0.9555
28111,T,2.977498141015467,9.544024626262878,3.3911727554463287,0.1975647563321442,2.3626587350932957,39.89847508960726,-13.97212056556765,-7.859697129003308,-7.859697129003308,2.1664243898965698e-08,0.6184184700962253,0.6791044776119403,9.0894730728874,3.4607477249100347,7.939945534211969,14.954089762613462,0.44776119402985076
28154,?,2.2970088150123553,24.926568792241497,8.527016544933456,0.5676107626186596,3.0230529955253083,70.97757238388178,-15.515374083027467,-7.685569549423577,-7.695471219382933,2.1422111628463908e-08,0.4172316217921144,0.33980582524271846,15.214529367881525,3.4688248308442486,8.041326340805888,16.389688904584332,0.6310679611650486
28198,SignalizedJunctionLeftTurnEnterFlow,1.8026928836168825,9.792783433298514,1.359047214306354,1.3498093636633726,1.1358643147411638,28.66281684950843,-25.038837742009402,-6.334961081465797,-6.334961081465797,3.062649665474365e-07,0.8639745025187842,0.4088050314465409,8.43288528551544,5.4154638838375355,6.37071475888723,19.092993764438454,0.12578616352201258
28210,NonSignalizedJunctionLeftTurnEnterFlow,3.418443370572295,19.26950486304766,7.72733271964616,0.9722709804073596,3.1685977174793503,54.01140525504226,-21.448241658995208,-7.195814589660126,-7.199694723705676,3.119690742908943e-08,0.3920097779636277,0.5886075949367089,14.888590047805009,2.7579249286158047,9.585971947841655,21.008439068309894,0.26582278481012656
28219,NonSignalizedJunctionLeftTurnEnterFlow,3.2505642986198264,17.69231560200378,6.726001849896772,0.7222231176758726,3.122306207431542,52.65914163764119,-21.575979623540793,-8.020376650685801,-8.022846995445404,9.233014793126697e-09,0.408324936690097,0.5185185185185185,11.741225995136961,2.805535923985661,8.188795698389422,17.03734713980779,0.24691358024691357
28229,NonSignalizedJunctionLeftTurnEnterFlow,1.7060937172816188,23.797553583938583,8.003700784928057,1.4244820944104497,5.499615972928604,65.00217062842968,-25.598588036951956,-5.780917829288303,-5.875411158067369,9.429775967013816e-07,0.444394343410909,0.1889763779527559,13.000352843168923,3.530059793421223,16.936225434467786,18.032153737586473,0.09973753280839895
28241,SignalizedJunctionLeftTurnEnterFlow,2.871810175512004,17.386160141793297,7.63411635955453,0.6548103326335404,3.3263931905048763,45.37460077308967,-21.097594654471887,-7.621839370347606,-7.624878431850703,1.4489616790976437e-08,0.45015696583591885,0.5189873417721519,10.81278663139717,3.0212004613859325,10.10404700709725,17.52850067028422,0.24050632911392406
28243,SignalizedJunctionLeftTurnEnterFlow,3.1657512030051485,13.323236635749078,4.802558507699679,1.1578832947827644,2.6093648213681226,48.75256852627929,-21.096755660337678,-5.8592766263155704,-5.85933327562947,7.328910420527595e-07,0.5023935649817503,0.42857142857142855,9.410110151104487,3.080534405919253,9.597206824324488,19.29476009304527,0.22077922077922077
28330,SignalizedJunctionLeftTurnEnterFlow,4.560215694185749,28.74310036284531,9.8380657109296,1.1221205372053669,5.877554527022308,66.12312756569337,-21.344386032616402,-5.659376296793661,-5.659536969136902,2.01952830336754e-06,0.42574725842523914,0.4482758620689655,14.305286933765244,3.5272868206546786,16.878672570700417,19.627444082623484,0.20689655172413793
2844,OppositeVehicleRunningRedLight,7.217226791485007,21.708924589685875,6.407728050466614,4.052746023670696,5.288555800665021,78.66777202718657,-18.651051215424705,-5.316625623636404,-5.316625623636404,1.227028800687923e-06,0.4542721600117708,0.7155963302752294,12.453820807937483,3.050023579506327,9.15796632546367,19.592035653243464,0.3211009174311927
2847,OppositeVehicleRunningRedLight,7.330472127421802,24.865673568091097,6.324162599584287,4.9364717002047565,5.677125071573613,83.56738225260855,-18.93680851466901,-5.354123381089894,-5.354123381089894,1.422912255039419e-06,0.48720908128851215,0.7543859649122807,9.61238065863624,3.0989639292861466,9.418326353226377,19.580075795466954,0.3157894736842105
2881,NonSignalizedJunctionLeftTurn,5.317939329749818,22.97667593661881,9.393901324819046,1.2288024215254503,3.689084270549902,92.53214433764684,-18.21009606417154,-5.4998702245938045,-5.499870229012656,8.38143253371732e-07,0.35616531865264944,0.8275862068965517,16.720195726987704,2.7354301749625725,6.916544014483129,19.325970445603804,0.4482758620689655
2903,NonSignalizedJunctionRightTurn,19.609806615583263,90.67346338342747,30.058058479593587,0.765265934400069,9.429746465690773,150.99551093999114,-13.114159445562358,-5.3805628884543655,-5.3805628884543655,2.378854186689863e-06,0.2310149498536465,0.7662337662337663,42.210355206335926,2.7664533333702437,20.503251455231577,23.66088637191967,0.3246753246753247
2913,OppositeVehicleTakingPriority,4.17243017747424,49.18552553387669,10.170972991615907,0.7186993737551388,5.302211693015008,63.00369567986103,-20.609420234163093,-5.769045740932248,-5.7690457642427715,1.1394837622402361e-06,0.3630287158811272,0.3841059602649007,18.100077515708005,2.2915297611841794,11.491726858560904,21.14522682495663,0.3443708609271523
2943,VehicleTurningRoute,1.8535130458859945,8.652418548237463,2.566953366335065,0.9287844311445775,2.4065539219602425,44.85501571044107,-22.221895843368742,-7.001413513610835,-7.001413513610835,6.619387872532936e-08,0.5941830192833529,0.4214876033057851,6.196167870247931,2.8159944065611278,4.113196735231153,15.218745390684937,0.29338842975206614
2989,BlockedIntersection,2.5489624185096003,25.92696922863093,11.317802672260854,0.2286420717551405,3.324671272459406,51.74393709574489,-23.806107934166953,-8.101273546305325,-8.101273546305325,5.816025334490378e-09,0.35602148333260414,0.39901477832512317,18.314882580959573,3.0893709035541805,9.515395511262733,17.562682998173926,0.20689655172413793
3048,MergerIntoSlowTraffic,0.8600655293074007,6.8697285289595875,0.48247168918209743,0.8689826015681652,1.0317707297459953,18.405402327178376,-12.745527782051845,-5.900287059196705,-5.900287059196705,2.6072763888117162e-06,1.7873178341495592,0.08878504672897196,4.331230341403814,3.50385190024268,2.701458520061317,15.877327854392405,0.1308411214953271
3072,HighwayCutIn,1.6614393804358338,4.321464362897756,0.6449368104729488,0.07961976204368354,1.2363190671326227,21.432568007622258,-11.159702451942644,-5.00165754708177,-5.00165754708177,1.1011258242690065e-05,1.581005181037635,0.3953488372093023,4.130074966655849,6.705094616072676,10.458086105256031,22.27279823526526,0.09302325581395349
3074,HighwayCutIn,4.647046501841114,21.077660548052698,3.6084599525310317,0.009546065757858718,4.041760065501262,70.63510682798493,-20.366856002239405,-8.465572474963242,-8.465580052834943,3.834581747094003e-09,0.7059500321142923,0.631578947368421,9.985546412961648,3.2118744446122456,9.855556401103142,18.37608074627594,0.18421052631578946
3080,HighwayCutIn,1.6316796277310892,4.315373194808156,0.6374523867559221,0.03407024303270362,1.2620942369207995,20.72233127218483,-11.665234548557631,-4.9007671945546285,-4.9007671945546285,1.2245173742549696e-05,2.192777148018703,0.31496062992125984,4.255932495067071,10.466007524114977,7.893252142305049,21.86070426933347,0.0
3086,CrossingBicycleFlow,4.48586461085955,51.78928088151883,17.822813857226215,1.0692411051975323,5.063461807653513,61.90493162986179,-21.17920246349118,-7.1991085527630885,-7.199110171212946,3.84813659117625e-08,0.3376460796749693,0.5144927536231884,22.520944986282554,3.0966450705227957,9.685761149641118,18.52918085726647,0.16666666666666666
3090,CrossingBicycleFlow,4.538509566015452,56.821277480739234,23.169878836828534,0.9955823043847133,4.9783229747431355,64.90068679402097,-23.771571512288364,-7.225456725772744,-7.225456891955261,3.6404898270079573e-08,0.3246155060861126,0.38461538461538464,24.362920217529354,3.165516460399404,9.561788809748828,17.765219649493154,0.1048951048951049
3093,CrossingBicycleFlow,5.482512452618943,46.21489312415343,17.182635977785644,0.7746706014061705,5.281468985493756,81.14118429876036,-17.615874321656193,-7.37451467193618,-7.374518282012209,2.9610081658301597e-08,0.35124941677259564,0.5540540540540541,21.08696459975396,3.299640126773445,9.594057440321755,18.5596935628426,0.3310810810810811
3099,CrossingBicycleFlow,2.4605572327873704,47.25429151875405,18.933853852064257,0.999159594017057,5.218045785277584,81.6905001285407,-24.874697770269357,-7.2282579113801875,-7.228258518559032,3.357721440387272e-08,0.35302314069934243,0.25301204819277107,21.244422387485784,2.7986346841476157,9.332713023389017,18.23994703918882,0.2680722891566265
3100,CrossingBicycleFlow,4.193799584563201,38.987873257950994,15.001874220128046,1.0028663575191845,3.859883366701819,58.71319418388481,-24.417646742439256,-7.7232176292389685,-7.72321776738614,2.022746131396876e-08,0.33308533335409746,0.37142857142857144,18.2523575261912,2.9187545216677098,9.308776747991372,18.07210030961007,0.12857142857142856
3144,VanillaSignalizedTurnEncounterRedLight,1.4454909328002943,9.945676229900501,2.5029208933282483,0.4617967252115167,2.7739608756572687,74.58733213249518,-27.494212914439334,-8.456652677920248,-8.456653074551976,8.335249037012746e-10,0.6578343737604103,0.27906976744186046,5.015270858688751,3.0757515974410405,-2.833328640803432e-05,10.846893963369496,0.17635658914728683
3178,VanillaNonSignalizedTurn,3.9334343954548796,22.742630083404713,8.15914566340083,0.478324636052344,2.67916506527649,26.747353889093183,-24.982615525284295,-8.208199546894487,-8.208199546894487,3.795005365920903e-09,0.36197555640054246,0.5147058823529411,18.08619520107659,2.8470395627912413,7.667524126723264,20.027845742758085,0.16176470588235295
3184,VanillaNonSignalizedTurnEncounterStopsign,2.121224715046944,17.022904125117915,7.8748402742143195,0.5167378819397365,2.1655939512579545,22.697104451002303,-25.915139521607493,-7.750924659628744,-7.750924659628744,1.0032477405953269e-08,0.3852453085249681,0.3925233644859813,14.865284188404308,2.8203544719246367,7.910647893776585,16.34215159089543,0.09345794392523364
3189,VanillaNonSignalizedTurnEncounterStopsign,4.537324935978585,18.641828682944375,7.383259581268207,0.5072186405258724,2.8424242785183433,47.188179334177285,-21.884801712144185,-8.4232328590652,-8.4232328590652,4.060598410907923e-09,0.3822251761849616,0.5192307692307693,14.383169268277111,2.813794148245795,9.021546915699314,17.77928122170243,0.34615384615384615
3248,ParkingCrossingPedestrian,5.756956872185865,49.10323842773124,15.081162836703205,0.8047652327024041,48.524589350860495,101.32244095047122,-15.479458665020967,-2.377725656999968,-2.377725656999968,0.0004191827198135873,0.32923876525519685,0.75,20.82694494653084,2.7601990416800106,6.2356692771232645,18.557366519537357,0.42045454545454547
3255,ParkingCrossingPedestrian,2.433871883679817,51.3847999172388,13.857233384745301,0.7032736743351284,50.855987885907204,86.6458390590015,-23.043209989571,-3.615681082049578,-3.615681082049578,2.4286282090108208e-05,0.3230960930165138,0.449438202247191,21.076324121142147,2.754553127743988,5.6896908074873425,18.752928041930783,0.30337078651685395
3307,Accident,2.692697096182632,11.91530605148744,3.5002679988225367,2.1923029144464263,2.715397750359152,79.97310375662417,-12.492902606500154,-6.57684711533528,-6.58528575315997,2.6565701040671676e-07,0.46984995741154945,0.6531986531986532,9.739778315110518,2.6329817109108444,-3.109950411977225e-06,13.96054681765503,0.6565656565656566
3364,YieldToEmergencyVehicle,12.842163569047452,80.73983730296649,31.658878780478826,1.384116450698096,8.09344920650171,134.84271747499824,-11.114179846627922,-4.693124557495888,-4.693867357065168,1.873369586959778e-05,0.2850758276155537,0.6952380952380952,34.852733610925426,3.463680534399292,9.297080386582195,24.545425384036164,0.3238095238095238
3373,YieldToEmergencyVehicle,3.395193512899427,86.45694144610171,34.358057446793104,11.049001978097515,7.7196501660368355,49.90934463962158,-10.255216353815745,-5.275615931417376,-5.2822993366580056,7.219543408086407e-06,0.25842620688914136,0.48299319727891155,40.04830677515585,3.2060667346236498,3.766050326230267,23.843592387569075,0.5782312925170068
3378,YieldToEmergencyVehicle,14.832049744507612,90.49696819833206,31.836693776778787,1.0755863856498231,8.273058143608749,160.18613724068223,-10.862667405099659,-5.428399655431453,-5.4284015535527645,4.695325651843145e-06,0.24482338103282053,0.7592592592592593,37.9406314300271,3.0558016177042506,4.145764576984072,25.015260988986178,0.5092592592592593
3380,YieldToEmergencyVehicle,4.561925019664939,15.127959655805054,2.2707368351159998,0.9163320411210873,2.3084830290465876,101.73092793852814,-12.460175371356879,-6.629658808675424,-6.726856740876053,3.3630190021646273e-07,0.644515618138117,0.8699551569506726,6.509033279861076,2.7160649907829524,-3.8853408220559e-05,17.807728839067003,0.6278026905829597
3410,AccidentTwoWays,4.671302806491776,56.664020062214064,19.066772683848754,3.841388564120845,5.053587850702797,119.11822156554031,-19.746883369160575,-6.644329995893603,-6.644329995893603,2.2406235643009838e-07,0.27026466620524286,0.6470588235294118,33.344352184170674,2.63703453151008,12.478239979697364,22.5186306485242,0.3411764705882353
3436,HazardAtSideLaneTwoWays,3.89925926191888,26.734994776953794,11.644129122826783,0.8260449186878431,2.8411901460303217,72.91614819788306,-17.596373318631827,-6.92069872182751,-6.921032402636617,1.3593917960642927e-07,0.34211326154252164,0.7647058823529411,20.383427820209338,2.8551294879309386,5.289869240949226,18.520037159967274,0.49732620320855614
3457,ParkedObstacleTwoWays,0.6246295007091034,55.79168107441134,9.998231137879213,0.08964405253869344,55.383295059239266,124.92590014182068,-28.461443092725343,-6.012968496732001,-6.012968496732001,1.1482839645090812e-07,0.3480137399585738,0.22,19.63476059402981,2.748178095284046,-1.2093999635808204e-05,18.373736583418776,0.125
3464,VehicleOpensDoorTwoWays,5.697141787546551,50.70940485361596,12.031573544742661,1.682363195661266,49.90399832825456,90.58455442199016,-17.62966398403095,-2.2193283000458717,-2.2193283000458717,0.0006035694925054145,0.341485485313257,0.5974842767295597,20.493348728409334,3.074763015981299,7.99268564841032,18.991211856247077,0.3270440251572327
3472,VehicleOpensDoorTwoWays,11.64503562653667,85.16232262847302,26.81838172461412,1.606554016654968,7.414199754315708,181.66255577397206,-13.053509703527908,-6.585257659339665,-6.689423572524925,2.0835228939466775e-07,0.29762134606868135,0.6730769230769231,32.03232210105803,3.3270226385655186,11.534452716731014,22.233577395494446,0.5448717948717948
3476,VehicleOpensDoorTwoWays,0.46398211167674747,25.928474059962056,2.7885254770764876,1.5946675111130497,4.739157658135098,92.7964223353495,-29.214150821883894,-7.275413103147632,-7.46903207334911,9.112939903054271e-08,0.5703615219887223,0.0255,9.29662653706137,3.3997823794576427,-0.005285896486129329,21.36277493140764,0.9845
3482,VehicleOpensDoorTwoWays,0.23619657012120407,58.45071834516248,2.8355883411424645,5.750794330641604,57.07668112974573,47.23931402424082,-29.415834176990458,-1.6659518112137586,-1.6659518154720516,0.002158072135945224,0.5602929718787153,0.021,8.871107502969332,3.348505791463026,6.394813392459641,14.358934723639909,0.985
3514,ParkingExit,4.686611968137061,26.101475784756612,11.245545740514553,1.8164773901382227,3.1303776766058684,102.16814090538794,-12.175168638424767,-7.259233346024704,-7.259233346024704,1.96381821787029e-07,0.35982113163738166,0.6559633027522935,18.1672577730552,3.0175151238145426,10.709454538725353,18.44456025963344,0.5045871559633027
3520,ParkingExit,4.85145198599346,31.78187939453577,13.309272837304588,1.7733022485283532,3.6461727180556016,118.86057365683979,-13.675757350983416,-6.7094735175100855,-6.763244869379841,2.4868678645668e-07,0.3572524831170255,0.7591836734693878,17.942374282555207,3.0258353037675856,10.633267097959722,18.305715675699236,0.5591836734693878
3540,HardBreakRoute,3.949522012005152,35.71028494027046,14.13959809442923,0.0,4.012685100140098,114.1411861469489,-18.075070299155804,-6.90479495156892,-6.912491949733749,5.028034341283737e-07,0.3310199442863456,0.6505190311418685,23.70456179079521,3.1401540013986824,12.944854231621331,20.620858253698444,0.5190311418685121
3561,ControlLoss,4.425775735757732,23.003676439965417,10.196685683261373,0.015528413026296532,2.463143658922667,78.77880809648764,-12.081160476351279,-6.835569285270307,-6.8355692853969225,7.923655970354634e-07,0.37043596195211087,0.601123595505618,17.25790247342558,3.0585645379514275,7.922452083178322,19.063547910599766,0.20786516853932585
3564,InvadingTurn,1.2671711017201137,32.36536332788623,16.06481034728867,0.0005867185146913314,3.0162077750760536,57.78300223843719,-27.12834046700719,-7.335421341010561,-7.335421341010561,6.020126639805252e-08,0.32681248464889007,0.18421052631578946,21.321582342843836,2.7373675728037874,7.691194018207252,18.922632217388365,0.05701754385964912
3572,InvadingTurn,1.9238651709433106,85.99280038360783,32.411421231782455,0.0007566704615089585,6.006757124358799,88.11302482920362,-27.968507823498637,-6.212826763031248,-6.212826763031248,3.42806345510798e-07,0.24396799285934742,0.11790393013100436,44.66292141188732,3.228632717697712,18.859015799185403,27.47929169202418,0.021834061135371178
3575,InvadingTurn,10.62315609648909,117.74649031666443,35.910700472837874,0.002913564310588395,7.805594010400255,86.04756438156164,-17.66596358017371,-5.722834975205255,-5.722834975205255,1.0654373093882207e-06,0.1891690664768677,0.5432098765432098,54.12675928208355,2.7101728091884554,20.38517876711244,28.245232070552866,0.12345679012345678
3666,NonSignalizedJunctionRightTurn,4.332458002735026,29.11193397918353,12.439162384648133,0.5319403464519402,5.32888959440601,56.75519983582885,-20.247987197576318,-6.095930646148202,-6.255636407605406,7.213068197501227e-07,0.341646863217317,0.6030534351145038,20.260678468961302,2.870771359002447,9.958905452512042,15.83493915784044,0.2366412213740458
3670,NonSignalizedJunctionRightTurn,4.421398528278893,20.498144655111897,8.015480836369726,0.5683528892296049,3.4510006360644105,54.38320189783039,-20.677026696880436,-5.566425119312352,-5.566425119312352,1.3421522671040686e-06,0.3763283595427832,0.7723577235772358,14.06915103888133,2.7551210145628566,9.966673100099005,17.02747959891377,0.3333333333333333
3676,NonSignalizedJunctionRightTurn,3.1410723013950506,10.915592470268518,2.7583806246353717,0.6046337850892536,2.610762820355231,43.3467977592517,-20.866427006800716,-7.055264881546217,-7.055266495992616,5.8936643043699775e-08,0.49397693454178715,0.5869565217391305,8.33970506040337,2.8254767500900138,10.821225065641054,20.78496119757866,0.2898550724637681
3697,OppositeVehicleTakingPriority,5.487772745978209,27.41597058936404,11.495386753407038,0.40400151122683525,3.733568901683637,72.98737752151018,-22.678595821739773,-6.750244263723839,-6.750381546191421,7.174585821579901e-08,0.3420913876605602,0.47368421052631576,21.611831537968843,2.8439736854694577,10.225938632227688,17.681406522896282,0.2932330827067669
3708,VehicleTurningRoute,1.8900802554045915,12.420206779301617,3.921925449745452,0.5146568736232808,2.740613052094194,34.021444597282645,-23.665473214931488,-8.411036968148906,-8.41103923542957,1.865544349228825e-09,0.4970250738475791,0.40555555555555556,8.443472459387964,2.7516984571306815,8.07812073484039,14.04033795091662,0.4166666666666667
3712,VehicleTurningRoute,2.271627640384891,14.80812980440065,6.933530901421648,0.9293662875029363,3.1320285408544475,51.111621908660055,-22.015874770433907,-6.127385466669817,-6.127385466854926,1.7030262318126375e-07,0.37036308867971396,0.4533333333333333,13.454630751415122,1.3687479106242637,0.008349364179566799,15.633027990773112,0.4088888888888889
3717,VehicleTurningRoute,2.1564811986241694,10.04559349625294,2.119337703482047,1.372466312518369,2.7700389265988936,39.67925405468472,-23.07092228991948,-7.812192919301003,-7.812768280168763,8.691155966022024e-09,0.6422910647469505,0.4673913043478261,6.690421120742844,2.7262396634975903,5.651293858364975,13.380576466242326,0.31521739130434784
3731,VehicleTurningRoutePedestrian,1.3517923811739652,10.384748112054096,3.9447516316498286,1.182115523650825,2.4769081377241635,55.15312915189779,-22.841781363537326,-6.472351881797711,-6.472351881797711,1.3770098569129476e-07,0.5073609233497084,0.3284313725490196,7.698117735463164,2.807769240532743,9.994346867371544,15.116484544561827,0.2549019607843137
3737,VehicleTurningRoutePedestrian,1.6201990793817633,14.155527068302408,3.637831979997887,0.48915239298805707,2.8586368107118183,86.84267065486252,-25.017118609565838,-7.4868701551921415,-7.487069397873718,1.561919130642645e-08,0.4235273412947918,0.3694029850746269,13.224672940685693,2.723987850274846,9.076477111572585,15.290881545873269,0.27798507462686567
3749,EnterActorFlow,1.1152531524556604,9.986108807173078,3.7216630281146204,0.29367652249969406,2.5700323837340795,40.48368943414047,-26.434529022765595,-6.9697402701216635,-6.9697402701216635,1.9985878213790992e-08,0.5297576338893063,0.162534435261708,8.029716408934176,3.1028429746442328,10.010147049859716,18.021206054845337,0.09090909090909091
3785,MergerIntoSlowTraffic,1.7146565426646079,19.35114838811233,3.8879218120055765,0.06340165359143762,1.9688256386807268,44.066673146480426,-9.913444055762236,-6.16366993873554,-6.164373115181675,6.776029308325934e-06,0.6919400479012782,0.25680933852140075,11.41117895082024,6.281996061133771,8.172240820668263,18.88477587019063,0.027237354085603113
3800,MergerIntoSlowTraffic,0.27460756092423744,2.049973120690259,0.0707725932156453,0.030124293597004807,0.5036727169972389,4.558485511342342,-18.060750819938676,-5.859723524211227,-5.859723524211227,3.7380400777683847e-06,2.3893359044837106,0.12048192771084337,3.4294454687251674,11.127033521948672,9.423188393736623,16.81663446119261,0.0
3813,HighwayCutIn,0.4075235357602784,5.705392170131484,2.5976567690058334,0.032130640108521215,1.2170616208023064,6.275862450708288,-14.557608280214222,-5.5087267575389305,-5.5087267575389305,3.2861691230323125e-06,0.6947628009661123,0.11038961038961038,5.025184111634231,3.6919814938203332,16.916062979474862,7.636595130352805,0.045454545454545456
3865,VanillaSignalizedTurnEncounterRedLight,2.039950893642815,35.64464946386549,8.134670773168997,0.4233817137478646,6.28030523926812,73.64222726050563,-26.022732198966242,-6.796572554120827,-6.823670658058114,2.3091994688218e-08,0.43467345930068413,0.19113573407202217,15.066945053826126,2.914849346383519,-3.7824345247237736e-05,16.56174361002706,0.11911357340720222
3869,VanillaSignalizedTurnEncounterRedLight,1.3350447398188747,13.557160414003508,5.7780199027639565,0.6075515093084173,2.946842637903608,49.53015984728026,-26.15758900227372,-8.792023609495079,-8.833218703594868,1.622610559759611e-09,0.4618211291408555,0.2210242587601078,9.25262980552963,2.766140345603476,9.590836848704921,11.959164809297278,0.14824797843665768
3876,VanillaSignalizedTurnEncounterRedLight,1.4497623421349983,11.918454702847967,3.859843500397132,0.4684257674779279,2.7598935972157754,38.99860700343146,-25.802123954162457,-8.019056540001547,-8.019056540001547,2.8916712003885972e-09,0.5125276785652265,0.20074349442379183,7.915413726216241,2.7591176605327465,8.253113265810748,11.940282656742724,0.137546468401487
3890,VanillaNonSignalizedTurn,9.65665831014515,56.970580659592414,20.25303898623014,0.45205402246193915,5.055692940775991,63.733944846957996,-21.424084207770377,-6.909881361438477,-6.909881361438477,6.82866467267586e-08,0.2710412865298093,0.6515151515151515,30.742139747124504,2.8006888429900565,8.567653223280814,22.044155087060016,0.2727272727272727
3904,VanillaNonSignalizedTurnEncounterStopsign,4.458728911706759,17.991109857519934,7.670219738425424,0.34614702715930507,2.6224755032988454,45.479034899408944,-21.53421755304092,-7.999975112518454,-7.9999751125197145,1.4399384653950841e-08,0.39634856273232055,0.5490196078431373,13.295093584992692,2.8065603054927055,9.217742811023097,16.71958417188475,0.3137254901960784
3905,VanillaNonSignalizedTurnEncounterStopsign,4.883521291603623,22.03516283794624,9.981858934701828,0.4050115654782037,3.0229018908128875,52.25367782015877,-21.58931696098703,-7.815985574335609,-7.815985574335609,2.340679449567011e-08,0.36444221168805846,0.5887850467289719,16.236396594935783,2.8575220409888247,9.20354718262314,17.975923165059463,0.29906542056074764
3936,SignalizedJunctionLeftTurn,3.5078580835309356,18.08944341028453,8.010514737313745,0.22098023785336976,2.746777321103855,701.5716167061872,-21.03056369016855,-7.367189273070041,-7.367189273070043,3.524026753809138e-08,0.39256341301863906,0.9645,12.185838238711945,2.3964086145987644,3.450675312791427e-05,15.717434964831941,0.732
4183,SignalizedJunctionLeftTurn,5.269268058696249,23.212240728533114,10.688399343780445,2.679670672100878,3.8745943423792797,73.76975282174749,-18.543410383638683,-5.755111243987677,-5.755111244239405,8.353315258772834e-07,0.39127462319878303,0.7285714285714285,15.740006550348085,3.002675462831927,-4.79194341690973e-06,19.503287630470535,0.44285714285714284
4468,SignalizedJunctionLeftTurn,6.687041270363641,35.19032511423603,15.401152625741915,2.246529343307201,3.927791556320232,99.63691492841825,-16.207458309121083,-5.725122363701028,-5.725122363727803,9.705018249436302e-07,0.31883996531806386,0.7986577181208053,25.038887649404398,2.918354228549648,7.890168220269505,20.35840627326678,0.42953020134228187
4669,SignalizedJunctionLeftTurn,3.4225239917242805,31.72553360640706,7.977276138898568,2.0654579776961053,3.855484077108462,46.888578686622644,-23.864143567833203,-5.615513841844767,-5.615513841844767,1.2705056540998342e-06,0.48472787541316537,0.36496350364963503,13.966921991504542,4.515580347031776,9.852140518669444,19.946206385196753,0.15328467153284672
4683,SignalizedJunctionLeftTurn,4.968859331271565,20.683630769177697,8.175161731009315,2.395109408875699,3.488747984297634,77.01731963470927,-20.024083550065306,-5.724410903012159,-5.724410903012206,7.888897936951299e-07,0.4082073381714557,0.6129032258064516,13.637097042438914,2.887918648776668,7.579531572981454,18.766140138989908,0.4064516129032258
4937,SignalizedJunctionRightTurn,4.295850146511027,16.70847597413984,6.21016571156733,0.7522401172025792,3.642483753865493,48.972691670225714,-19.995259505024574,-6.787698001372918,-6.787698112379687,1.0877976482228904e-07,0.4411958420165216,0.8421052631578947,12.76686076233487,3.0636096909610675,10.106844612210201,17.348402047712817,0.30701754385964913
